Community,Airport_name,Type,ICAO,IATA,Latitude,Longitude
Avalon,Avalon Airport,Public,YMAV,AVV,38°02′22″S,144°28′10″E
Coldstream,Coldstream Airport,Private,YCEM,,37°43′42″S ,145°24′30″E
Essendon,Essendon Airport,Public,YMEN,MEB,37°43′41″S,144°54′07″E
Lilydale,Lilydale Airport,Private,YLIL,,37°41′30″S ,145°22′00″E
Moorabbin,Moorabbin Airport,Public,YMMB,MBW,37°58′33″S,145°06′08″E
Point Cook,RAAF Point Cook,Military,YMPC,,37°55′54″S,144°45′12″E
Melbourne Airport,Melbourne Airport,Public,YMML,MEL,37°40′24″S,144°50′36″E
