Region ,Number of Bedroom,Bed Size,Price (5 Nights),Rating,Number of Reviews
Docklands,1,Single,691,4.91,11
Melbourne (CBD),2,King,1098,4.93,59
Melbourne (CBD),1,Queen,940,5,9
Elsternwick,2,Queen,532,5,2
Docklands,1,Queen,1209,5,13
Melbourne (CBD),1,Queen,422,4.73,105
Melbourne (CBD),2,King,1133,5,1
Melbourne (CBD),1,Queen,1179,4.94,321
Southbank,1,Queen,941,4.97,92
Melbourne (CBD),1,Double,848,5,2
Brunswick,1,Double,474,4.72,372
Southbank,1,Double,801,4.89,61
Melbourne (CBD),1,Queen,1043,4.91,66
Melbourne (CBD),2,Queen,950,4.78,152
Melbourne (CBD),1,Queen,821,4.54,255
Docklands,1,Queen,746,4.73,48
Melbourne (CBD),1,Queen,716,4.65,91
Melbourne (CBD),2,Queen,1032,4.67,3
Kensington,1,Queen,738,4.87,69
South Yarra,1,Queen,750,4.74,68
Brunswick,1,Queen,733,4.77,30
Richmond,1,Queen,692,4.67,18
St Kilda,1,Double,1202,5,3
Newport,1,Double,751,5,1
Southbank,1,Queen,1133,5,6
Melbourne (CBD),2,Double,1200,5,15
Melbourne (CBD),1,Queen,1889,4.98,264
Abbotsford,2,Queen,1294,4.98,44
Collingwood,1,Queen,1225,4.96,109
Melbourne (CBD),2,Queen,1426,5,3
Melbourne (CBD),3,Double,1554,5,1
Melbourne (CBD),2,Double,2784,4.95,87
Southbank,1,Queen,843,4.48,29
Fitzroy,1,Queen,1089,4.93,28
Melbourne (CBD),3,Queen,1750,4.98,56
Basin,1,King,1375,4.94,246
Fitzroy,1,Queen,1628,4.92,26
Brunswick,1,Queen,733,4.77,30
Carlton,1,Queen,960,4.63,43
Southbank,2,Queen,1145,5,35
Melbourne (CBD),1,Queen,954,5,4
Fitzroy,2,Queen,2100,5,10
Williamstown,2,Queen,925,5,5
Smiths Gully,2,Single,1375,4.98,240
St Kilda,1,King,1118,5,32
Fitzroy,1,Queen,1450,4.98,44
South Yarra,2,King,1366,5,8
Melbourne (CBD),2,King,1530,4.92,89
Carlton,1,Queen,1508,5,1
South Yarra,1,King,1601,5,3
Melbourne (CBD),1,Double,1346,5,27
Southbank,1,Queen,984,4.83,53
Southbank,2,Queen,1063,4.95,82
Melbourne (CBD),2,Queen,1429,4.94,16
Melbourne (CBD),1,Queen,1196,5,12
Southbank,1,Queen,934,4.74,38
Melbourne (CBD),2,Queen,1106,5,1
Carlton,2,King,1612,5,4
Abbotsford,1,Queen,1249,4.91,11
Melbourne (CBD),1,Queen,1040,4.91,172
Melbourne (CBD),2,Queen,1027,4.75,16
Melbourne (CBD),2,Queen,1178,4.91,41
Abbotsford,1,Queen,920,4.93,263
Docklands,1,Double,932,5,4
Abbotsford,1,King,1377,4.94,236
Docklands,1,Queen,894,4.83,99
Docklands,1,Queen,1387,5,3
Abbotsford,2,Queen,1668,4.94,35
St Kilda,1,Double,1092,4.95,107
Carlton,1,Queen,960,4.63,43
Cremrone,2,Queen,2496,5,8
Southbank,1,Queen,994,5,4
Southbank,3,Queen,2854,5,1
Melbourne (CBD),2,Queen,1183,4.8,5
Southbank,2,Queen,1594,4.77,13
Docklands,1,Queen,1370,5,9
Richmond,1,Double,982,5,7
Taylors Hill,4,Queen,1982,4.75,8
Melbourne (CBD),2,Queen,1183,4.86,63
Southbank,3,Queen,1713,4.81,75
Carlton,1,Queen,960,4.63,43
Melbourne (CBD),2,Queen,1556,4.96,227
Port Melbourne,1,Queen,879,5,15
St Kilda,1,Queen,954,4.96,24
Prahran,2,King,1375,4.94,47
Melbourne (CBD),1,Queen,1369,5,26
Melbourne (CBD),2,Queen,1273,4.87,119
Southbank,3,Queen,3205,4.95,202
South Yarra,3,King,4185,4.96,135
Clifton Hill,1,Queen,1098,4.98,216
Docklands,1,Queen,1270,5,26
Melbourne (CBD),1,Queen,1581,4.67,6
St Kilda,1,King,1173,4.84,276
Prahran,4,King,3189,5,8
South Yarra,1,Queen,990,5,9
Southbank,2,Queen,1571,4.8,30
Southbank,1,Single,1040,4.91,122
Southbank,1,Queen,955,4.93,71
Melbourne (CBD),1,Double,1189,4.91,44
Melbourne (CBD),1,Double,1260,4.89,9
Melbourne (CBD),3,Double,2343,4.96,46
South Yarra,2,Queen,2051,5,16
South Yarra,2,Double,1502,5,4
Southbank,2,Queen,1695,5,12
Melbourne (CBD),1,Double,1063,4.82,145
Southbank,1,Queen,980,4.84,164
Docklands,2,Queen,1111,4.92,52
Brunswick,1,Queen,733,4.77,30
Docklands,2,Queen,1620,4.87,173
Docklands,1,Queen,1053,5,40
Southbank,1,Queen,843,4.48,29
Templestowe Lower,3,King,1339,5,1
Smiths Gully,1,Queen,1520,4.93,57
Fitzroy,2,Queen,1692,4.87,30
South Yarra,3,King,3322,5,137
South Yarra,1,Double,896,4.9,78
Melbourne (CBD),1,Queen,1040,4.8,5
South Yarra,2,Queen,1306,4.5,14
Wonga Prak,2,Queen,1728,4.94,288
Docklands,1,Queen,959,4.86,140
Southbank,1,Double,1008,5,2
Melbourne (CBD),2,Queen,1606,5,4
Melbourne (CBD),2,Queen,904,4.94,128
Docklands,2,Queen,1102,4.83,47
Port Melbourne,2,King,1098,5,2
Southbank,2,Queen,1524,4.97,186
Southbank,2,Queen,1497,4.96,51
Clifton Hill,1,Queen,994,4.95,150
Caufield,1,Queen,757,4.9,10
Melbourne (CBD),1,Queen,1134,4.96,316
Melbourne (CBD),2,Queen,1318,4.83,127
Richmond,3,Queen,3074,4.82,103
Docklands,1,Queen,746,4.73,48
St Kilda,2,King,4136,5,1
Melbourne (CBD),1,Double,1352,4.92,217
Albert Park,2,Single,2542,5,32
Melbourne (CBD),1,Queen,1473,4.92,12
Melbourne (CBD),2,Double,1832,5,35
Southbank,2,Queen,1154,4.65,26
Melbourne (CBD),2,Double,1200,4.75,51
Melbourne (CBD),1,Double,895,4.69,16
Melbourne (CBD),2,Queen,1181,4.88,65
Fitzroy,1,Queen,1274,5,69
Southbank,1,King,862,4.97,30
Docklands,2,Queen,1110,4.78,85
Melbourne (CBD),2,Queen,1687,4.95,95
Docklands,1,Queen,988,4.92,136
Melbourne (CBD),1,Queen,962,4.67,6
Docklands,2,Queen,1471,4.91,162
Southbank,1,Queen,1627,5,34
South Yarra,3,King,2565,5,7
Southbank,2,Queen,1624,4.92,134
Fitzroy,1,Queen,1286,4.83,12
Melbourne (CBD),1,Double,931,4.92,146
Melbourne (CBD),2,Double,1027,4.8,176
Melbourne (CBD),2,Queen,989,4.88,103
Port Melbourne,3,Queen,2781,5,45
St Kilda,1,Double,720,4.98,49
Docklands,2,Queen,1345,4.94,562
Albert Park,3,Queen,2150,4.98,40
Melbourne (CBD),2,Double,1514,5,1
Canterbury,4,Queen,4379,5,4
Southbank,1,Queen,843,4.48,29
Melbourne (CBD),2,Queen,1260,4.93,15
Docklands,1,Queen,1080,4.91,46
Melbourne (CBD),2,Queen,1375,4.92,106
Melbourne (CBD),2,Queen,1027,4.8,235
Port Melbourne,2,Double,2311,5,29
Docklands,2,Queen,1200,4.59,351
Southbank,2,Double,1110,4.83,54
Port Melbourne,1,Queen,938,5,1
South Melbourne,1,Queen,1045,4.9,71
Docklands,1,Queen,1179,4.93,176
Melbourne (CBD),2,Queen,1120,5,11
North Melbourne,1,King,1537,4.95,37
Southbank,2,Queen,1437,4.87,31
Richmond,3,Queen,2294,4.93,28
Melbourne (CBD),2,Queen,1063,4.87,23
Melbourne (CBD),1,Queen,716,4.65,91
Melbourne (CBD),2,Queen,1583,4.96,148
Melbourne (CBD),1,Queen,1040,4.85,165
Docklands,2,Queen,1911,4.92,64
Abbotsford,2,Double,2499,4.95,20
Melbourne (CBD),2,Queen,1289,4.83,213
Glen Iris,1,Queen,798,4.92,12
Melbourne (CBD),2,Queen,1964,4.58,12
North Melbourne,1,King,1248,4.86,51
South Yarra,3,Queen,1936,5,1
Malvern East,2,Queen,659,5,10
Melbourne (CBD),2,Double,1003,4.81,156
Hillside,5,Queen,2057,5,2
Southbank,2,Queen,1813,4.85,13
Melbourne (CBD),2,Queen,1324,4.84,197
Melbourne (CBD),2,Queen,1027,4.8,163
Melbourne (CBD),1,Queen,867,4.96,129
Melbourne (CBD),2,Double,1096,4.93,43
Ashwood,2,Queen,954,4.93,72
Melbourne (CBD),1,Queen,1075,5,4
Melbourne (CBD),2,Queen,1253,4.86,106
Fitzroy,1,Queen,1081,4.85,133
Melbourne (CBD),1,Queen,1242,4.96,57
Southbank,3,Queen,2236,4.81,151
Southbank,3,Queen,2346,4.98,60
Melbourne (CBD),2,Queen,1027,4.75,16
Southbank,2,Queen,1471,4.79,14
Melbourne (CBD),2,Queen,1259,4.8,5
Albert Park,3,Queen,2141,4.98,40
Melbourne (CBD),2,Queen,919,4.94,128
Melbourne (CBD),2,Queen,1117,4.78,152
Melbourne (CBD),1,Queen,887,4.69,16
Docklands,1,Queen,1648,5,13
Melbourne (CBD),1,Queen,1234,4.91,66
Melbourne (CBD),2,King,1319,5,1
Melbourne (CBD),3,King,3265,5,25
Melbourne (CBD),1,Queen,1610,5,8
Southbank,3,Queen,2977,4.91,32
Melbourne (CBD),2,Queen,1118,4.75,51
Melbourne (CBD),1,King,1814,5,14
Melbourne (CBD),2,Queen,1679,4.92,48
Melbourne (CBD),2,Queen,1505,5,9
Southbank,2,Queen,2598,5,64
Docklands,2,Queen,1014,4.67,3
Southbank,2,King,1797,4.63,63
Southbank,2,Queen,1144,4.75,4
Melbourne (CBD),2,Queen,1230,5,9
Fitzroy,1,King,2126,5,1
Melbourne (CBD),2,Queen,1312,5,7
South Melbourne,2,Queen,970,4.87,138
Southbank,3,Queen,2105,5,9
Melbourne (CBD),1,Queen,1813,5,6
Fitzroy,1,Queen,881,4.98,54
Melbourne (CBD),3,King,3469,4.96,25
Southbank,2,Double,979,4.81,227
Southbank,3,King,2303,4.94,18
Melbourne (CBD),2,Double,783,4.81,16
Docklands,3,Queen,2427,5,2
Southbank,2,Queen,1153,4.93,15
Southbank,2,Queen,1200,4.81,21
Melbourne (CBD),1,Queen,1030,4.92,237
Melbourne (CBD),1,Queen,1030,5,20
Southbank,1,Queen,1084,5,10
Southbank,2,Queen,1258,4.8,257
Melbourne (CBD),1,Queen,1045,5,12
Melbourne (CBD),2,Queen,1365,4.91,11
Southbank,2,Queen,1104,4.91,114
Southbank,2,Queen,1641,5,12
Southbank,2,Queen,1781,4.97,95
Melbourne (CBD),1,King,1215,4.93,673
Southbank,3,Queen,3125,5,1
Docklands,2,Queen,2438,5,5
Melbourne (CBD),1,Queen,1078,5,3
Melbourne (CBD),2,Double,1189,5,5
Southbank,3,King,2869,5,13
Southbank,1,Double,873,5,6
Melbourne (CBD),3,Double,2606,4.92,38
Melbourne (CBD),1,Queen,1634,4.88,8
Melbourne (CBD),1,Double,1086,5,3
Southbank,2,Queen,1063,4.81,252
Docklands,4,Double,2567,4.83,6
Docklands,2,Double,1220,5,1
Melbourne (CBD),1,Double,1000,5,13
Melbourne (CBD),2,Queen,1422,4.8,79
Docklands,1,Queen,934,4.45,123
Southbank,1,Queen,829,4.5,8
Melbourne (CBD),3,Double,3391,5,2
Southbank,2,Double,1055,5,1
Southbank,1,Queen,954,4.76,17
Docklands,2,Queen,1112,4.85,116
Southbank,2,Double,1114,4.88,93
Southbank,2,Double,1516,4.88,42
Docklands,1,Queen,1060,4.5,2
Docklands,2,Double,1405,4.89,76
Southbank,3,Double,4564,4.96,27
Fitzroy,1,Queen,1021,4.93,28
Melbourne (CBD),2,Queen,970,4.94,17
Southbank,2,Double,978,4.87,230
Southbank,2,Queen,1583,4.96,75
Melbourne (CBD),2,Queen,1146,5,36
Melbourne (CBD),1,Double,988,4.67,490
Melbourne (CBD),1,Queen,895,4.87,30
Southbank,3,Double,2994,5,8
Southbank,3,Queen,1615,4.77,13
Melbourne (CBD),2,Double,1147,4.8,30
Melbourne (CBD),2,Double,910,5,4
Southbank,2,Queen,1114,5,3
Melbourne (CBD),2,King,1487,4.89,9
Melbourne (CBD),2,Queen,1102,4.86,37
Melbourne (CBD),2,Double,1461,4.89,84
Southbank,1,Double,1014,5,2
Melbourne (CBD),2,Queen,962,5,1
Southbank,2,Queen,984,4.8,284
Southbank,1,Double,1086,5,12
Southbank,2,Queen,1101,4.93,15
Southbank,2,Queen,1964,5,10
Southbank,2,Queen,1279,4.79,208
Southbank,1,Queen,950,5,14
Melbourne (CBD),1,King,1129,5,29
Melbourne (CBD),2,King,2424,4.89,66
Melbourne (CBD),2,Queen,1497,4.89,9
Southbank,2,Double,1015,4.83,6
Southbank,3,King,3194,5,13
Docklands,1,Queen,1127,5,12
Melbourne (CBD),2,King,1388,4.91,34
Melbourne (CBD),2,Queen,1958,4.94,95
Melbourne (CBD),3,Queen,2732,4.93,28
Southbank,2,Queen,1458,4.8,169
Melbourne (CBD),3,King,1988,4.63,8
Melbourne (CBD),2,Double,1403,5,2
West Melbourne,2,Queen,1336,5,2
Melbourne (CBD),2,Double,1010,4.85,105
Melbourne (CBD),2,Queen,1226,4.92,13
Southbank,3,Queen,2352,4.99,98
Southbank,1,Queen,1053,4.8,217
Southbank,2,Queen,1056,4.86,152
Melbourne (CBD),1,Double,974,4.55,38
Melbourne (CBD),2,Double,1540,4.97,30
Melbourne (CBD),2,Double,1317,4.88,80
Southbank,2,Queen,1112,4.7,64
Melbourne (CBD),2,Queen,1114,4.86,362
Southbank,1,Queen,1024,4.93,28
Melbourne (CBD),2,Double,1058,5,1
Southbank,2,Double,1175,5,6
Southbank,3,Queen,1929,4.86,63
Melbourne (CBD),2,King,1540,5,8
Southbank,1,Queen,1066,5,5
Melbourne (CBD),2,Queen,1034,4.79,323
Melbourne (CBD),1,Queen,1214,4.93,87
Melbourne (CBD),2,Double,1071,4.95,21
Melbourne (CBD),3,Queen,2539,4.92,13
Melbourne (CBD),2,Double,824,5,1
