﻿name,female,male,wheelchair,operator,baby_facil,lat,lon,location
Public Toilet - Queen Victoria Market (153 Victoria Street),yes,yes,no,City of Melbourne,no,-37.806121499077804,144.95653844268273,"-37.806121499077804, 144.95653844268273"
"Public Toilet - Victoria Harbour, Shed 3 (North Wharf Road)",no,yes,no,City of Melbourne,no,-37.819795975740334,144.93766540530564,"-37.819795975740334, 144.93766540530564"
Public Toilet - Toilet 6 - Elizabeth Street (Toilet Adjacent 200 Elizabeth Street),yes,no,no,City of Melbourne,no,-37.81383779217631,144.96309721024045,"-37.81383779217631, 144.96309721024045"
Public Toilet - Toilet 142 - Queensberry Street (Adjacent 179 Queensberry Street),no,yes,no,City of Melbourne,no,-37.80463970714722,144.96285021945613,"-37.80463970714722, 144.96285021945613"
"Public Toilet - Victoria Harbour, Shed 2 (North Wharf Road)",yes,yes,yes,City of Melbourne,no,-37.818924455699296,144.9342385117904,"-37.818924455699296, 144.9342385117904"
Public Toilet - Royal Park Brens Pavilion,yes,yes,no,City of Melbourne,no,-37.78622124839705,144.9550008758734,"-37.78622124839705, 144.9550008758734"
Public Toilet - Toilet 124 - Nicholson Street (1A Nicholson Street),no,yes,no,City of Melbourne,no,-37.80945202894246,144.97307695563703,"-37.80945202894246, 144.97307695563703"
Public Toilet - Toilet 181 - Point Park (Point Park Crescent),yes,yes,yes,City of Melbourne,yes,-37.82331083443533,144.94182760665478,"-37.82331083443533, 144.94182760665478"
Public Toilet - Toilet 118 - Fitzroy Gardens (2 Lansdowne Street),yes,yes,yes,City of Melbourne,no,-37.815278082082735,144.97758877995486,"-37.815278082082735, 144.97758877995486"
Public Toilet - Toilet 34 - Franklin Street (Opposite 80 Franklin Street),yes,yes,yes,City of Melbourne,no,-37.8082334704767,144.9601868749377,"-37.8082334704767, 144.9601868749377"
Public Toilet - Toilet 137 - Faraday Street (Opposite 208-212 Faraday Street),yes,yes,no,City of Melbourne,no,-37.798709597015986,144.9675938800973,"-37.798709597015986, 144.9675938800973"
Public Toilet - Toilet 131 - Royal Park (Flemington Rd - Near North Park Tennis Club),yes,yes,yes,City of Melbourne,no,-37.790174410412384,144.94366905096865,"-37.790174410412384, 144.94366905096865"
Public Toilet - Toilet 127 - Princes Park Royal Parade (near Park Street),yes,yes,yes,City of Melbourne,no,-37.778949609006396,144.96046591899102,"-37.778949609006396, 144.96046591899102"
Public Toilet - Toilet 170 - Queensberry Street (Opposite 530 Queensberry Street),no,yes,no,City of Melbourne,no,-37.80307786641225,144.94986517956968,"-37.80307786641225, 144.94986517956968"
"Public Toilet - Toilet 42 - Fawkner Park, Opposite 55 Commercial Road",yes,yes,yes,City of Melbourne,no,-37.845206563009405,144.9826144313013,"-37.845206563009405, 144.9826144313013"
Public Toilet - Toilet 122 - Treasury Gardens (Store and Toilet),yes,yes,yes,City of Melbourne,no,-37.81341843500891,144.97746700744847,"-37.81341843500891, 144.97746700744847"
"Public Toilet - Toilet 162 - JJ Holland Park (Opposite, 48 Altona Street)",yes,yes,yes,City of Melbourne,no,-37.79812546150608,144.92642466756246,"-37.79812546150608, 144.92642466756246"
Public Toilet - Queen Victoria Market (Food Court - 65-81 Victoria Street),yes,yes,no,City of Melbourne,no,-37.80637961897052,144.95905779158946,"-37.80637961897052, 144.95905779158946"
Public Toilet - Toilet 103 - Kings Domain South (Opposite 169 Domain Road),yes,yes,yes,City of Melbourne,no,-37.83393826633729,144.9817840463506,"-37.83393826633729, 144.9817840463506"
Public Toilet - Queen Victoria Market (465 Queen Street),yes,yes,yes,City of Melbourne,yes,-37.80783122147196,144.95795526595654,"-37.80783122147196, 144.95795526595654"
Public Toilet - Toilet 46 - Bourke Street (opposite 225 Bourke Street),yes,yes,yes,City of Melbourne,no,-37.81324543360198,144.9668965896814,"-37.81324543360198, 144.9668965896814"
Public Toilet - Toilet 52 - Princes Park (Adjacent Southern Sports Pavilion),yes,yes,yes,City of Melbourne,no,-37.787904827147685,144.95949479077186,"-37.787904827147685, 144.95949479077186"
Public Toilet - Toilet 13 - Queensberry Street (Opposite 530 Queensberry Street),,,,City of Melbourne,no,-37.803094275484256,144.94994632091922,"-37.803094275484256, 144.94994632091922"
Public Toilet - Toilet 43 - Queen Street (opposite 113 Queen Street),yes,yes,yes,City of Melbourne,no,-37.815838165017645,144.96106207300267,"-37.815838165017645, 144.96106207300267"
Public Toilet - Toilet 154 - Flagstaff Gardens (cnr William & Dudley),yes,yes,yes,City of Melbourne,no,-37.808913242351316,144.95504018635694,"-37.808913242351316, 144.95504018635694"
Public Toilet - Toilet 14 - Flinders Street (27 Flinders Street),no,yes,no,City of Melbourne,no,-37.81598982599987,144.97279836576897,"-37.81598982599987, 144.97279836576897"
Public Toilet - Toilet 107 - Alexandra Park,yes,yes,yes,City of Melbourne,no,-37.82764304616528,144.9818116607595,"-37.82764304616528, 144.9818116607595"
Public Toilet - Toilet 169 - Batman Park (2A Spencer Street),yes,yes,yes,City of Melbourne,no,-37.821720681669966,144.95557809313962,"-37.821720681669966, 144.95557809313962"
Public Toilet - Toilet 6 - Elizabeth Street (Toilet Adjacent 200 Elizabeth Street),no,yes,no,City of Melbourne,no,-37.81343920794399,144.96292272645067,"-37.81343920794399, 144.96292272645067"
Public Toilet - Toilet 1 - Lonsdale Street (Opposite 581 Lonsdale Street),yes,yes,yes,City of Melbourne,no,-37.814345522392365,144.9551179464378,"-37.814345522392365, 144.9551179464378"
Public Toilet - Toilet 145 - Carlton Gardens South (Opposite 39 Rathdowne Street),yes,yes,yes,City of Melbourne,no,-37.80625893301874,144.9692027022002,"-37.80625893301874, 144.9692027022002"
Public Toilet - Toilet 7 - Latrobe Street (Adjacent 120 La Trobe Street),no,yes,no,City of Melbourne,no,-37.80894206847336,144.9656488455227,"-37.80894206847336, 144.9656488455227"
Public Toilet - Toilet 4 - Market Street (Opposite 74 Market Street),yes,yes,yes,City of Melbourne,no,-37.81746989209639,144.96025433528794,"-37.81746989209639, 144.96025433528794"
Public Toilet - Toilet 138 - Carlton Gardens North (Opposite 199 Rathdowne Street),yes,yes,yes,City of Melbourne,no,-37.80264555498511,144.96982128721504,"-37.80264555498511, 144.96982128721504"
Public Toilet - Toilet 133- Canning Street Reserve (49 Princes Street),no,yes,no,City of Melbourne,no,-37.79301167872576,144.97399489761827,"-37.79301167872576, 144.97399489761827"
"Public Toilet - Toilet 102 - Fawkner Park, North Pavilion (Male)",no,yes,no,City of Melbourne,no,-37.840147692965054,144.98138308753735,"-37.840147692965054, 144.98138308753735"
"Public Toilet - Toilet 173 - JJ Holland Park, Skate Park (113 Kensington Road)",yes,yes,yes,City of Melbourne,no,-37.798064023886866,144.92110584392117,"-37.798064023886866, 144.92110584392117"
Public Toilet - Toilet 36 - Lonsdale Street (Opposite 424 Lonsdale Street),yes,yes,yes,City of Melbourne,U,-37.8129330992456,144.9600121469519,"-37.8129330992456, 144.9600121469519"
Public Toilet - Ron Barassi Senior Park Pavilion,U,U,U,City of Melbourne,U,-37.81722059052804,144.93400271183998,"-37.81722059052804, 144.93400271183998"
Public Toilet - Toilet 11 - Lonsdale Street (Opposite 88 Lonsdale Street),yes,yes,yes,City of Melbourne,no,-37.810035679928596,144.96990246330486,"-37.810035679928596, 144.96990246330486"
Public Toilet - Toilet 12 - Exhibition Street (Opposite 242 Exhibition Street),no,yes,no,City of Melbourne,no,-37.80954604636232,144.9694071187106,"-37.80954604636232, 144.9694071187106"
Public Toilet - Toilet 111 - Birrarung Marr Speakers Corner,yes,yes,yes,City of Melbourne,no,-37.821004779775386,144.97593322373976,"-37.821004779775386, 144.97593322373976"
Public Toilet - Toilet 3 - Flinders Street (399 Flinders Street),yes,yes,yes,City of Melbourne,no,-37.81940611413847,144.96127683121782,"-37.81940611413847, 144.96127683121782"
Public Toilet - Toilet 48 - Birrarung Marr (Opposite Artplay),yes,yes,yes,City of Melbourne,no,-37.81859887229392,144.97105956826815,"-37.81859887229392, 144.97105956826815"
"Public Toilet - Toilet 44 - Fawkner Park, Opposite 150W Toorak Road",yes,yes,yes,City of Melbourne,no,-37.83825284124979,144.98438921994168,"-37.83825284124979, 144.98438921994168"
Public Toilet - Toilet 104 - Kings Domain South (off Birdwood Avenue),yes,yes,yes,City of Melbourne,no,-37.83084912404898,144.97518226820782,"-37.83084912404898, 144.97518226820782"
Public Toilet - Toilet 112 - Alexandra Gardens (Riverslide Skate Park),yes,yes,yes,City of Melbourne,no,-37.8203552728411,144.9733129088743,"-37.8203552728411, 144.9733129088743"
Public Toilet - Toilet 179 - Lincoln Square (138-142 Bouverie Street),yes,yes,yes,City of Melbourne,no,-37.80271182455448,144.96226812695767,"-37.80271182455448, 144.96226812695767"
Public Toilet - Toilet 110 - Queen Victoria Gardens (Linlithgow Avenue),yes,yes,yes,City of Melbourne,no,-37.822948288677665,144.97098568179823,"-37.822948288677665, 144.97098568179823"
Public Toilet - Toilet 136 - Ievers Reserve - Flemington Road,yes,yes,yes,City of Melbourne,no,-37.79679899805757,144.95196665126468,"-37.79679899805757, 144.95196665126468"
Public Toilet - Toilet 140 - Queensberry Street (Opposite 286 Queensberry Street),no,yes,no,City of Melbourne,no,-37.8039946349673,144.95909066756946,"-37.8039946349673, 144.95909066756946"
Public Toilet - Toilet 106 - Kings Domain Government House Drive,yes,yes,no,City of Melbourne,no,-37.82691574923448,144.9746477838788,"-37.82691574923448, 144.9746477838788"
Public Toilet - Toilet 128 - Princes Park South Playground (Princes Park Drive),yes,yes,yes,City of Melbourne,no,-37.785598387452595,144.9630353603256,"-37.785598387452595, 144.9630353603256"
"Public Toilet - Saint Mangos Lane, The Palladio (New Quay)",yes,yes,yes,City of Melbourne,no,-37.81435831108069,144.94168216712015,"-37.81435831108069, 144.94168216712015"
Public Toilet - Toilet 177 - Bellair Street (Opposite 180 Bellair Street),yes,yes,yes,City of Melbourne,no,-37.79373229128235,144.9303518616331,"-37.79373229128235, 144.9303518616331"
Public Toilet - Town Hall Melbourne (200 Collins Street),yes,yes,yes,City of Melbourne,yes,-37.81521576619692,144.96694328510318,"-37.81521576619692, 144.96694328510318"
Public Toilet - Toilet 105 -Sturt Street Reserve (280 Sturt Street),yes,yes,no,City of Melbourne,no,-37.830132537548096,144.96501222835187,"-37.830132537548096, 144.96501222835187"
Public Toilet - Royal Park Golf Course Club House,yes,yes,no,City of Melbourne,no,-37.78187131786685,144.95614252894822,"-37.78187131786685, 144.95614252894822"
Public Toilet - Newmarket Reserve (26 Smithfield Road),yes,yes,no,City of Melbourne,no,-37.78848882114304,144.9235637219743,"-37.78848882114304, 144.9235637219743"
Public Toilet - Toilet 13 - Exhibition Street (Opposite 77 Exhibition Street),yes,yes,yes,City of Melbourne,no,-37.81384641664995,144.9713740947211,"-37.81384641664995, 144.9713740947211"
Public Toilet - Toilet 146 - Swanston Street (Opposite 475-511 Swanston Street),yes,no,no,City of Melbourne,no,-37.80680576738025,144.96264850030644,"-37.80680576738025, 144.96264850030644"
Public Toilet - Toilet 117 - Powlett Reserve (Opposite 128 Albert Street),yes,yes,yes,City of Melbourne,no,-37.81094232809633,144.98685873937842,"-37.81094232809633, 144.98685873937842"
Public Toilet - Toilet 182 - Docklands Park South - 25 Harbour Esplanade,yes,yes,yes,City of Melbourne,yes,-37.82175860330799,144.94738341867807,"-37.82175860330799, 144.94738341867807"
"Public Toilet - Toilet 102 - Fawkner Park, North Pavilion (Female)",yes,no,no,City of Melbourne,no,-37.84001779326322,144.98122701462214,"-37.84001779326322, 144.98122701462214"
"Public Toilet - Queen Victoria Market - (Meat Hall / ""H"" Shed)",yes,yes,no,City of Melbourne,no,-37.80682129201847,144.95874700464088,"-37.80682129201847, 144.95874700464088"
"Public Toilet - Toilet 120 - Royal Park, Wetland (off Oak Street)",yes,yes,yes,City of Melbourne,no,-37.78303248417686,144.94185635299425,"-37.78303248417686, 144.94185635299425"
Public Toilet - Toilet 178 -  Argyle Place North (Opposite 4 Argyle Place North),yes,yes,yes,City of Melbourne,no,-37.80207629420745,144.96642403988702,"-37.80207629420745, 144.96642403988702"
Public Toilet - Toilet 100 - Royal Park - Native Garden (off Gatehouse Street),yes,yes,yes,City of Melbourne,no,-37.79251146448698,144.95685172084129,"-37.79251146448698, 144.95685172084129"
Public Toilet - Toilet 172 - Southbank Promenade (opposite Esso House),yes,yes,yes,City of Melbourne,no,-37.82034212858627,144.96421972799456,"-37.82034212858627, 144.96421972799456"
Public Toilet - Toilet 109 - Kings Domain Myer Music Bowl Rear of,yes,yes,yes,City of Melbourne,yes,-37.82289159858857,144.975280957334,"-37.82289159858857, 144.975280957334"
Public Toilet - Toilet 125 - Gordon Reserve (74-108 Spring Street),yes,no,no,City of Melbourne,no,-37.81224077558713,144.97392555886628,"-37.81224077558713, 144.97392555886628"
"Public Toilet - Toilet 55 - Royal Park (Nature Play, Opposite 51 Gatehouse Street)",yes,yes,yes,City of Melbourne,no,-37.795523148389,144.95214296280201,"-37.795523148389, 144.95214296280201"
Public Toilet - Toilet 119 - Fitzroy Gardens Toilets (150 Clarendon Street),yes,yes,yes,City of Melbourne,no,-37.81203615704364,144.98307493665166,"-37.81203615704364, 144.98307493665166"
Public Toilet - Toilet 41 - Flinders Street (No 245 Flinders Street Station),yes,yes,yes,City of Melbourne,no,-37.81790319705616,144.9662642552638,"-37.81790319705616, 144.9662642552638"
