name,rankingPosition,priceLevel,category,rating,address,latitude,longitude,numberOfReviews,details,preference
Scopri,1,$$ - $$$,restaurant,5,"191 Nicholson St Carlton, Melbourne, Victoria 3053 Australia",-37.7956862,144.975082,1049,"Italian, Vegetarian friendly, Vegan options",European
Donovans,2,$$$$,restaurant,4.5,"40 Jacka Boulevard, St Kilda, Port Phillip, Victoria 3182 Australia",-37.8685776,144.9751279,1022,"Australian, Seafood, Contemporary",Local
400 Gradi,3,$$ - $$$,restaurant,4,"99 Lygon St, Brunswick West, Moreland, Victoria 3057 Australia",-37.7759622,144.9705236,773,"Italian, Pizza, Neapolitan",European
Attica,4,$$$$,restaurant,4.5,"74 Glen Eira Rd, Ripponlea, Port Phillip, Victoria 3185 Australia",-37.8770079,144.9972755,626,"Australian, Vegetarian-friendly, Gluten-free options",Local
Bistro Thierry,5,$$$$,restaurant,4.5,"511 Malvern Rd, Toorak, Stonnington, Victoria 3142 Australia",-37.8479337,145.0035105,540,"French, European, Vegetarian friendly",European
Vivace,6,$$ - $$$,restaurant,4.5,"317 Bay St, Brighton, Bayside, Victoria 3186 Australia",-37.9054128,145.0030102,408,"Italian, Wine Bar, Vegetarian friendly",European
Estelle,7,$$$$,restaurant,4.5,"243 High St, Northcote, Victoria 3070 Australia",-37.7732119,144.9979146,395,"Australian, Vegetarian friendly",Local
Matteo's,8,$$$$,restaurant,4.5,"533 Brunswick St Melbourne, North Fitzroy, Yarra, Victoria 3068 Australia",-37.7911674,144.9794716,378,"Australian, Contemporary, Vegetarian friendly",Local
Chez Olivier,9,$$ - $$$,restaurant,4.5,"268 Toorak Rd, South Yarra, Victoria 3141 Australia",-37.8397261,144.9962375,356,"French, European, Vegetarian friendly",European
Esca Grill,10,$$$$,restaurant,4.5,"650 Mt Alexander Rd, Moonee Ponds, Moonee Valley, Victoria 3039 Australia",-37.7701142,144.9262505,345,"Italian, Seafood, Contemporary",European
Jinda Thai,11,$$ - $$$,restaurant,4.5,"3-7 Ferguson St, Abbotsford, Yarra, Victoria 3067 Australia",-37.8092504,144.9923145,328,"Asian, Thai, Vegetarian friendly",Asian
Centonove,12,$$$$,restaurant,4.5,"109 Cotham Rd, Kew, Boroondara, Victoria 3101 Australia",-37.8075681,145.0387546,252,"Italian, Vegetarian friendly, Vegan options",European
Pacinos Italian Family Restaurant,13,$$ - $$$,restaurant,4.5,"300 Epsom Rd 300-320 Epsom Road, Ascot Vale, Moonee Valley, Victoria 3031 Australia",-37.7827318,144.9164815,240,"Italian, Pizza, Vegetarian friendly",European
Fiorelli,14,$$ - $$$,restaurant,4.5,"209 Camberwell Road, Camberwell, Victoria 3124 Australia",-37.830402,145.055857,213,"Italian,European, Dining bars",European
Mister and Miss Cafe,15,$$ - $$$,restaurant,4,"Mont Albert Victoria 711-713 Whitehorse Rd, Mont Albert, Whitehorse, Victoria 3127 Australia",-37.815616,145.105808,199,"Australian, Cafe, Vegetarian friendly",Local
Little Black Pig & Sons,16,$$ - $$$,restaurant,4.5,"48 Burgundy St, Heidelberg, Banyule, Victoria 3084 Australia",-37.7562813,145.0686788,196,"Italian, Vegetarian-friendly, Vegan options",European
Ricardo's Trattoria,17,$$ - $$$,restaurant,4.5,"99 Dundas Pl, Albert Park, Port Phillip, Victoria 3206 Australia",-37.8412662,144.9551868,176,"Italian, Vegetarian-friendly, Vegan options",European
Angus & Bon,18,$$ - $$$,restaurant,4.5,"168 Greville Street, Prahran, Stonnington, Victoria 3181 Australia",-37.8496092,144.9922938,168,"Australian, Steakhouse, Wine Bar",Local
Nevsky Russian Restaurant,19,$$ - $$$,restaurant,4.5,"476 Glen Huntly Rd, Elsternwick, Glen Eira, Victoria 3185 Australia",-37.8853675,145.0077779,160,"European, Russian, Eastern European",European
Little Vietnam 504,20,$$ - $$$,restaurant,4.5,"504 Hampton St, Hampton, Bayside, Victoria 3188 Australia",-37.934913,145.00319,145,"Australian, Cafe,Vegetarian-friendly",Local
Viet Kitchen,21,$,restaurant,4.5,"110 Hopkins St, Footscray, Maribyrnong, Victoria 3011 Australia",-37.7997947,144.9016738,130,"Asian, Vietnamese, Soups",Asian
Amaru Melbourne Restaurant,22,$$$$,restaurant,4.5,"Shop 5 1121 High St, Armadale, Stonnington, Victoria 3143 Australia",-37.8558896,145.0246644,118,"Australian, Vegetarian-friendly, Gluten-free options",Local
GRK Greek Kitchen & Bar,23,$$ - $$$,restaurant,4.5,"845/847 High St, Thornbury, Darebin, Victoria 3071 Australia",-37.754997,145.000897,115,"Mediterranean, Greek, Vegetarian friendly",European
Avatar Indian Cuisine,24,$$ - $$$,restaurant,4.5,"291 Whitehorse Rd Opposite Balwyn Park, Balwyn, Boroondara, Victoria 3103 Australia",-37.8123976,145.0788504,88,"Asian, Chinese, Indian",Asian
Plain Sailing,25,$$ - $$$,restaurant,4.5,"144 Ormond Rd, Elwood, Port Phillip, Victoria 3184 Australia",-37.886483,144.9888305,85,"Australian, Cafe, Vegetarian friendly",Local
Fifteen Pounds Cafe,26,$$ - $$$,restaurant,4.5,"21 Railway Place, Fairfield, Yarra, Victoria 3078 Australia",-37.7795276,145.0171787,84,"Australian, Cafe, Vegetarian friendly",Local
QT Kitchen,27,$$ - $$$,restaurant,4.5,"12 High St, Glen Iris, Stonnington, Victoria 3146 Australia",-37.8618862,145.0649687,71,"Asian, Vietnamese, Vegetarian friendly",Asian
Half Moon Cafe,28,$,restaurant,5,"13 Victoria St Shop 13, Coburg, Moreland, Victoria 3058 Australia",-37.7432229,144.9657655,65,"Middle Eastern, cafe, Fast food",Middle Eastern
Da Guido La Pasta,29,$$ - $$$,restaurant,4.5,"130 Lygon St Carlton, Melbourne, Victoria 3053 Australia",-37.8040315,144.9666273,1095,"European, Italian, Mediterranean",
Mr. Miyagi,30,$$ - $$$,restaurant,4,"99 Chapel St, Windsor, Stonnington, Victoria 3181 Australia",-37.854224,144.992719,401,"Asian, Japanese, Fusion",Asian
Bouzy Rouge,31,$$ - $$$,restaurant,4.5,"470 Bridge Rd, Richmond, Yarra, Victoria 3121 Australia",-37.8195644,145.0071607,358,"Mediterranean, European, Spanish",European
Milk the Cow,32,$$ - $$$,restaurant,4.5,"U 1 157 Fitzroy St, St Kilda, Port Phillip, Victoria 3182 Australia",-37.8589,144.97947,338,"European, French, Wine Bar",European
Bistro Gitan,33,$$ - $$$,restaurant,4.5,"52 Toorak Rd West, South Yarra, Victoria 3141 Australia",-37.8372567,144.9791898,268,"European, French, Vegetarian friendly",European
Vaporetto Bar & Eatery,34,$$ - $$$,restaurant,4.5,"Rear 681 Glenferrie Rd Enter via Grace St, Hawthorn, Boroondara, Victoria 3122 Australia",-37.8204684,145.0355892,261,"Italian, Northern-Italian, Vegetarian friendly",European
L'Hotel Gitan,35,$$ - $$$,restaurant,4,"32 Commercial Rd, Prahran, Stonnington, Victoria 3181 Australia",-37.8461214,144.9868829,256,"European, French, Gastropub",European
Sons of Mary,36,$$ - $$$,restaurant,4.5,"14 Spink St, Brighton, Bayside, Victoria 3186 Australia",-37.897926,145.0043793,233,"Australian, Vegetarian-friendly, Vegan options",Local
Three Bags Full Cafe,37,$$ - $$$,restaurant,4.5,"Corner of Nicholson St and Mollison St,, Abbotsford, Yarra, Victoria 3067 Australia",-37.8072201,144.996426,230,"Australian, Cafe, Vegetarian friendly",Local
Moroccan Soup Bar,38,$,restaurant,4.5,"183 St Georges Rd, North Fitzroy, Yarra, Victoria 3068 Australia",-37.7848457,144.9822432,218,"Middle Eastern, Moroccan, Vegetarian friendly",Middle Eastern
Sapa Hills Restaurant,39,$$ - $$$,restaurant,4.5,"112 Hopkins St, Footscray, Maribyrnong, Victoria 3011 Australia",-37.7997017,144.9016415,196,"Asian, Vietnamese, Vegetarian friendly",Asian
Postmaster Hotel,40,$$ - $$$,restaurant,4,"186 High St, Kew, Boroondara, Victoria 3101 Australia",-37.8067586,145.0314272,185,"Bar, Gastropub, Vegetarian friendly",Local
Atta Restaurant,41,$$ - $$$,restaurant,4.5,"159-161 Victoria Ave Melbourne, Albert Park, Port Phillip, Victoria 3206 Australia",-37.8467327,144.9495491,102,"Indian, Vegetarian friendly, Vegan options",Asian
Boosa,42,$$ - $$$,restaurant,4.5,"716 Centre Rd, Bentleigh, Glen Eira, Victoria 3165 Australia",-37.9212107,145.0579728,97,"Middle Eastern, Cafe, Vegetarian friendly",Middle Eastern
Carosello,43,$$ - $$$,restaurant,4.5,"22 Margaret St, Moonee Ponds, Moonee Valley, Victoria 3039 Australia",-37.7658646,144.9197937,88,"Italian, Pizza, Mediterranean",European
Dish & Spoon,44,$$ - $$$,restaurant,4.5,"122 Highfield Rd, Camberwell, Victoria 3124 Australia",-37.8378891,145.0844389,72,"Australian, Cafe, Vegetarian friendly",Local
Fitzrovia,45,$$ - $$$,restaurant,4.5,"155 Fitzroy St, St Kilda, Port Phillip, Victoria 3182 Australia",-37.858971,144.9792428,732,"European, Cafe, Contemporary",European
The Meat & Wine Co Hawthorn East,46,$$ - $$$,restaurant,4,"482 Riversdale Rd, Hawthorn, Boroondara, Victoria 3123 Australia",-37.8315263,145.0564153,417,"Australian, Steakhouse, Gluten-free options",Local
Le Bon Ton,47,$$ - $$$,restaurant,4,"51 Gipps St, Collingwood, Yarra, Victoria 3066 Australia",-37.8048099,144.9885784,306,"American, Southwestern, Bar",North American
White Rabbit,48,$$ - $$$,restaurant,4,"118 Church St, Brighton, Bayside, Victoria 3186 Australia",-37.9153913,144.9958342,246,"Australian, Mediterranean, Vegetarian friendly",Local
Mister Bianco,49,$$ - $$$,restaurant,4,"285 High St, Kew, Boroondara, Victoria 3101 Australia",-37.8050657,145.0351682,214,"Italian, Sicilian, Southern-Italian",European
Journeyman,50,$$ - $$$,restaurant,4.5,"169 Chapel St, Windsor, Stonnington, Victoria 3181 Australia",-37.8522281,144.9931599,203,"Australian, Cafe, Healthy",Local
Foglia di Fico,51,$$ - $$$,restaurant,5,"585 La Trobe St (Spencer St entrance), Melbourne, Victoria 3000 Australia",-37.8133556,144.9519345,202,"European, Italian, Vegetarian friendly",European
Code Black,52,$$ - $$$,restaurant,4.5,"15-17 Weston St, Brunswick, Moreland, Victoria 3056 Australia",-37.7747618,144.9623676,187,"Australian, Cafe, Vegetarian friendly",Local
Philhellene,53,$$ - $$$,restaurant,4,"551-553 Mount Alexander Rd, Moonee Ponds, Moonee Valley, Victoria 3039 Australia",-37.769392,144.925447,187,"Greek, Mediterranean, Vegetarian friendly",European
Mediterraneo Charcoal Restaurant,54,$$ - $$$,restaurant,4.5,"116 Bridport St, Albert Park, Port Phillip, Victoria 3206 Australia",-37.8402965,144.9562863,171,"European, Steakhouse, Healthy",European
Swaad India's Zest,55,$$ - $$$,restaurant,4.5,"Shop 9 271-275 Centre Rd, Bentleigh, Glen Eira, Victoria 3204 Australia",-37.91759,145.032872,81,"Indian, Vegetarian friendly, Vegan options",Asian
Top Paddock,56,$$ - $$$,restaurant,4,"658 Church Street, Richmond, Yarra, Victoria Australia",-37.8330948,144.9962103,692,"Australian, Cafe, Vegetarian friendly",Local
Claypots Seafood Bar,57,$$ - $$$,restaurant,4.5,"213 Barkly St, St Kilda, Port Phillip, Victoria 3182 Australia",-37.8699209,144.9804934,525,"Australian, Seafood, Mediterranean",Local
Hawker Hall,58,$$ - $$$,restaurant,4,"98 Chapel St, Windsor, Stonnington, Victoria 3181 Australia",-37.8545419,144.9930685,506,"Asian, Singaporean, Malaysian",Asian
11 Inch Pizza,59,$,restaurant,4.5,"Shop 7A 353 Little Collins St, Melbourne, Victoria 3000 Australia",-37.8155661,144.9629631,324,"Italian, Pizza, Vegetarian friendly",European
The Point Restaurant,60,$$$$,restaurant,4.5,"Aquatic Drive Albert Park Lake, Albert Park, Port Phillip, Victoria 3206 Australia",-37.8402927,144.9665827,242,"Australian, Contemporary, Vegetarian friendly",Local
Indian Palace Restaurant,61,$$ - $$$,restaurant,4.5,"131 Church St, Brighton, Bayside, Victoria 3186 Australia",-37.9155079,144.9964578,153,"Indian, Vegetarian friendly, Vegan options",Asian
Little Tommy Tucker Cafe,62,$$ - $$$,restaurant,4.5,"432 Centre Rd, Bentleigh, Glen Eira, Victoria 3204 Australia",-37.9185909,145.0380118,153,"Australian, Cafe, Healthy",Local
Naked for Satan,63,$$ - $$$,restaurant,4.5,"285 Brunswick St, Fitzroy, Yarra, Victoria 3065 Australia",-37.798765,144.978198,1244,"Spanish, Bar, Vegetarian friendly",European
Jim's Greek Tavern,64,$$ - $$$,restaurant,4,"32 Johnston St, Collingwood, Yarra, Victoria 3066 Australia",-37.798954,144.985812,457,"Greek, Mediterranean, Vegetarian friendly",European
Geppetto Trattoria,65,$$ - $$$,restaurant,4.5,"78A Wellington Pde, Melbourne, Victoria 3002 Australia",-37.816416,144.9873889,439,"Italian, Contemporary, Vegetarian friendly",European
Galleon Cafe,66,$$ - $$$,restaurant,4.5,"9 Carlisle St, St Kilda, Port Phillip, Victoria 3182 Australia",-37.8670562,144.9789801,260,"Australian, Cafe, Vegetarian friendly",Local
Brighton Soul,67,$,restaurant,4.5,"129 Church Street, Brighton, Bayside, Victoria 3186 Australia",-37.915485,144.996401,131,"Australian, Cafe, Vegetarian friendly",Local
Khao San Road,68,$$ - $$$,restaurant,4.5,"696 Mt Alexander Rd, Moonee Ponds, Moonee Valley, Victoria 3039 Australia",-37.768646,144.9256996,114,"Asian, Thai, Vegetarian friendly",Asian
La Cucina Di Sandra,69,$$ - $$$,restaurant,5,"62 Lyndhurst St Warehouse 62, Richmond, Yarra, Victoria 3121 Australia",-37.8208416,144.9998269,73,Italian,European
Rice Paper Scissors,70,$$ - $$$,restaurant,4.5,"15 Hardware Lane, Melbourne, Victoria 3000 Australia",-37.8142942,144.9614576,2701,"Asian, Thai, Fusion",Asian
Rococo,71,$$ - $$$,restaurant,4,"87-91 Acland St St.Kilda, St Kilda, Port Phillip, Victoria 3182 Australia",-37.867946,144.978887,973,"Italian, Pizza, Vegetarian friendly",European
The Vegie Bar,72,$$ - $$$,restaurant,4,"380 Brunswick St, Fitzroy, Yarra, Victoria 3065 Australia",-37.7958383,144.9791427,936,"Australian, International, Vegetarian friendly",Local
Richmond Oyster,73,$$ - $$$,restaurant,4.5,"437 Church St, Richmond, Yarra, Victoria 3121 Australia",-37.8262953,144.9981382,326,"Australian, Seafood, Vegetarian friendly",Local
Bistro La Provence,74,$$ - $$$,restaurant,4.5,"234 Esplanade, Brighton, Bayside, Victoria 3186 Australia",-37.9095792,144.9865978,146,"French, European, Vegetarian friendly",European
Da Guido 365,75,$$ - $$$,restaurant,4.5,"365 Little Collins St, Melbourne, Victoria 3000 Australia",-37.8156522,144.9627338,524,"Italian, Pizza, Mediterranean",European
Kekou,76,$$ - $$$,restaurant,5,"396 Bridge Road, Richmond, Yarra, Victoria 3121 Australia",-37.8193325,145.0046839,64,"Asian, Fusion, Malaysian",Asian
Roule Galette Melbourne,77,$,restaurant,4.5,"241 Flinders Lane Shop 1, Melbourne, Victoria 3000 Australia",-37.8168239,144.9662818,604,"French, Cafe, European",European
Marion Wine Bar,78,$$ - $$$,restaurant,4.5,"53 Gertrude St, Fitzroy, Yarra, Victoria 3065 Australia",-37.8054734,144.9758542,145,"Australian, Wine Bar, Vegetarian friendly",Local
Kazuki's,79,$$$$,restaurant,4.5,"121 Lygon St Carlton, Melbourne, Victoria 3053 Australia",-37.804156,144.966067,500,"Japanese, Contemporary, Fusion",Asian
Bahari the Hellenic Palate,80,$$ - $$$,restaurant,4.5,"179 Swan St, Richmond, Yarra, Victoria 3121 Australia",-37.8255231,144.9975909,147,"Greek, Mediterranean, Vegetarian friendly",European
Abbey Road Cafe,81,$$ - $$$,restaurant,4,"129-131 Acland St, St Kilda, Port Phillip, Victoria 3182 Australia",-37.8686333,144.9793638,805,"Australian, Bar, Cafe",Local
Cucinetta,82,$$ - $$$,restaurant,4.5,"U 4 3 Murphy St South Yarra, Melbourne, Victoria 3141 Australia",-37.8382928,144.9901259,401,"Italian, Mediterranean, European",European
Republica,83,$$ - $$$,restaurant,4,"10-18 Jacka Boulevard St. Kilda Sea Baths, St Kilda, Port Phillip, Victoria 3182 Australia",-37.8652736,144.9717383,492,"Australian, Bar, Vegetarian friendly",Local
Pidapipo Gelateria,84,$,restaurant,4.5,"299 Lygon St, Carlton, Melbourne, Victoria 3053 Australia",-37.7983787,144.9670955,433,"Italian, Dessert, Vegetarian friendly",European
Anchovy,85,$$ - $$$,restaurant,4.5,"338 Bridge Rd, Richmond, Yarra, Victoria 3121 Australia",-37.819114,145.0026469,93,"Asian, Vietnamese, Australian",Asian
Il Bacaro Cucina e Bar,86,$$$$,restaurant,4.5,"68-170 Little Collins St 168-170 Little Collins St, Melbourne, Victoria 3000 Australia",-37.8138585,144.9679099,504,"Italian, Mediterranean, Vegetarian friendly",European
Topolino's,87,$$ - $$$,restaurant,4,"87 Fitzroy St, St Kilda, Port Phillip, Victoria 3182 Australia",-37.860509,144.976646,386,"Italian, Pizza, Vegetarian friendly",European
Paper Plate Restaurant,88,$$ - $$$,restaurant,4.5,"318 Bridge Rd, Richmond, Yarra, Victoria 3121 Australia",-37.8190496,145.0018873,65,"Asian, Thai, Contemporary",Asian
Straight Outta Saigon,89,$$ - $$$,restaurant,4.5,"138 Russell Street Ground level, Melbourne, Victoria 3000 Australia",-37.8130144,144.96839,337,"Asian, Fusion, Vietnamese",Asian
La Roche,90,$$ - $$$,restaurant,4.5,"185 Acland St, St Kilda, Port Phillip, Victoria 3182 Australia",-37.8695632,144.980341,325,"Australian, Bar, Vegetarian friendly",Local
Brick Lane Melbourne,91,$$ - $$$,restaurant,4.5,"33 Guildford Lane, Melbourne, Victoria 3000 Australia",-37.8114463,144.9598499,208,"Autralian, Cafe, Healthy, Vegetarian friendly",Local
Sir Charles,92,$$ - $$$,restaurant,4.5,"121 Johnston St, Fitzroy, Yarra, Victoria 3065 Australia",-37.7980866,144.9789318,133,"Australian, Cafe, Vegetarian friendly",Local
Eau De Vie,93,$$ - $$$,restaurant,4.5,"1 Malthouse Lane, Melbourne, Victoria 3000 Australia",-37.8157231,144.9715309,814,"Australian, Bar, Vegetarian friendly",Local
Radio Mexico Taqueria & Bar,94,$$ - $$$,restaurant,4,"11-13 Carlisle St, St Kilda, Port Phillip, Victoria 3182 Australia",-37.8670443,144.979233,288,"Mexican, Vegetarian friendly, Vegan options",North American
Ish Restaurant,95,$$ - $$$,restaurant,5,"199 Gertrude St, Fitzroy, Yarra, Victoria 3065 Australia",-37.8058632,144.981242,62,"Indian, Contemporary, Vegetarian friendly",Asian
Lupino Bistro and Bar,96,$$ - $$$,restaurant,4.5,"41 Little Collins St, Melbourne, Victoria 3000 Australia",-37.8127466,144.9723213,416,"Italian,Vegetarian-friendlyy, Vegan options",European
Blue Chillies,97,$$ - $$$,restaurant,4.5,"182 Brunswick St, Fitzroy, Yarra, Victoria 3065 Australia",-37.802065,144.978038,145,"Asian, Malaysian, Vegetarian friendly",Asian
Hochi Mama,98,$$ - $$$,restaurant,4.5,"35 Little Bourke St, Melbourne, Victoria 3000 Australia",-37.810701,144.971677,1469,"Asian, Thai, Fusion",Asian
Anada,99,$$ - $$$,restaurant,4.5,"197 Gertrude St, Fitzroy, Yarra, Victoria 3065 Australia",-37.8058992,144.9811875,219,"European, Spanish, Mediterranean",European
Sezar,100,$$ - $$$,restaurant,4.5,"6 Melbourne Pl, Melbourne, Victoria 3000 Australia",-37.8134153,144.9689351,1024,"European, Healthy, Middle Eastern",European
