﻿Rank,Attraction,Description,Visitor_number,Visitor_percentage,Latitude,Longitude
1,CBD Shopping,"Shopping across the city-centre of Melbourne, including shopping centres, streets and arcades such as Emporium Melbourne, Melbourne Central Shopping Centre, Collins Street, Bourke Street Mall, Royal Arcade, St Collins Lane, Block Arcade and Chinatown.","5,700,000",17%,-37.8143,144.9632
2,Southbank Promenade,Southbank Promenade and Southgate Restaurant and Shopping Precinct is one of Melbourne's major entertainment precincts. Southgate's landmark Ophelia sculpture by Deborah Halpern has been used to represent Melbourne in tourism campaigns.,"2,900,000",9%,-37.82,144.9664
3,Federation Square,"A venue for arts, culture and public events on the edge of the city-centre. Also a common meeting place and close to the major transport hub and tourist attraction of Flinders Street railway station, and nearby Birrarung Marr and the Melbourne Cricket Ground","2,700,000",8%,-37.8174,144.9671
4,Queen Victoria Market,"The largest open air market in the Southern Hemisphere, first opened in 1869. Features ","2,400,000",8%,-37.8,144.9617
5,Crown Entertainment Complex,"The largest casino complex in the Southern Hemisphere, featuring three hotels, numerous high-end restaurants, cinemas and stores.","2,200,000",7%,-37.823,144.9612
6,Docklands & Docklands Stadium,"An area of waterside urban renewal featuring shopping, restaurants, corporate offices and Docklands Stadium.","2,000,000",6%,-37.8205,144.9443
7,St Kilda,"Inner Southern suburb featuring St Kilda Beach, Luna Park theme park and the restaurant and shopping districts of Fitzroy Street and Acland Street.","2,000,000",6%,-37.8641,144.9756
8,National Gallery of Victoria (NGV),"Australias oldest, largest and most visited art museum, housing works by Rembrandt, Claude Monet, Australian Impressionists and featuring the famed Melbourne Winter Masterpieces series.","1,200,000",4%,-37.8295,144.971
9,"Melbourne Museum, Royal Exhibition Building & Carlton Gardens","The largest museum in the Southern Hemisphere, featuring the world's largest IMAX screen, alongside the cavernous 19th century Exhibition Building, both set in the surroundings of the Carlton Gardens.","845,000",3%,-37.8006,144.9791
10,Melbourne Cricket Ground,"World-famous sporting venue, the 10th-largest stadium in the world, largest in Australia, largest in the Southern Hemisphere, the largest cricket ground by capacity, and has the tallest light towers of any sporting venue.","737,500",2%,-37.8197,144.9834
