﻿Expenditure ($M),Holiday,Visiting friends and relatives,Business,Education,Other purpose(c),Total
Airfares,"5,230","4,759","1,709",914,"1,054","13,667"
Tours,"2,370",231,284,98,75,"3,058"
Transportation,"1,025",453,197,370,261,"2,306"
"Food, drink & accommodation","5,689","2,477","1,411","4,278","2,129","15,983"
Shopping,"1,419","1,119",248,623,305,"3,714"
Entertainment,314,113,25,105,55,611
Education,239,270,np,"5,772",51,"6,377"
Other Expenditure,453,236,262,521,584,"2,057"
Total,"16,739","9,659","4,181","12,681","4,514","47,773"
